Feature Name,Feature Importance
sma90 avg_transaction_value,0.18205777132534778
wma30 avg_transaction_value,0.0830255780235127
closing_price,0.06601023610582964
dema7 opening_price,0.058347758359525145
ema90 avg_transaction_value,0.04178351757125916
tema30 highest_price,0.03293062281732809
opening_price,0.030503821089384146
tema7 closing_price,0.028058671664189835
ema30 avg_transaction_value,0.02485941441256543
dema90 avg_transaction_value,0.02474088413075328
